<?xml version="1.0" encoding="UTF-8"?>
<project-private xmlns="http://www.netbeans.org/ns/project-private/1">
    <editor-bookmarks xmlns="http://www.netbeans.org/ns/editor-bookmarks/2" lastBookmarkId="0"/>
    <open-files xmlns="http://www.netbeans.org/ns/projectui-open-files/2">
        <group>
            <file>file:/E:/ALUMNO/Documents/NetBeansProjects/restaurante/src/diagramaejerciciodeherencia/EmpleadoGeneral.java</file>
            <file>file:/E:/ALUMNO/Documents/NetBeansProjects/restaurante/src/diagramaejerciciodeherencia/pruebaEquals.java</file>
            <file>file:/E:/ALUMNO/Documents/NetBeansProjects/restaurante/src/diagramaejerciciodeherencia/Carrera.java</file>
            <file>file:/E:/ALUMNO/Documents/NetBeansProjects/restaurante/src/diagramaejerciciodeherencia/Empleado.java</file>
            <file>file:/E:/ALUMNO/Documents/NetBeansProjects/restaurante/src/diagramaejerciciodeherencia/Castings.java</file>
            <file>file:/E:/ALUMNO/Documents/NetBeansProjects/restaurante/src/diagramaejerciciodeherencia/Alumno.java</file>
            <file>file:/E:/ALUMNO/Documents/NetBeansProjects/restaurante/src/diagramaejerciciodeherencia/Persona.java</file>
            <file>file:/E:/ALUMNO/Documents/NetBeansProjects/restaurante/src/diagramaejerciciodeherencia/Docente.java</file>
            <file>file:/E:/ALUMNO/Documents/NetBeansProjects/restaurante/src/diagramaejerciciodeherencia/Prueba.java</file>
        </group>
    </open-files>
</project-private>
