<?xml version="1.0" encoding="UTF-8"?>
<project-private xmlns="http://www.netbeans.org/ns/project-private/1">
    <editor-bookmarks xmlns="http://www.netbeans.org/ns/editor-bookmarks/2" lastBookmarkId="0"/>
    <open-files xmlns="http://www.netbeans.org/ns/projectui-open-files/2">
        <group>
            <file>file:/E:/ALUMNO/Documents/NetBeansProjects/zacariasgarciacalebb/src/unidadv/Fecha.java</file>
            <file>file:/E:/ALUMNO/Documents/NetBeansProjects/zacariasgarciacalebb/src/unidadv/Excepciones.java</file>
            <file>file:/E:/ALUMNO/Documents/NetBeansProjects/zacariasgarciacalebb/src/unidadv/PruebaFecha.java</file>
            <file>file:/E:/ALUMNO/Documents/NetBeansProjects/zacariasgarciacalebb/src/unidadv/PruebaVisualFecha.java</file>
        </group>
    </open-files>
</project-private>
